Designator,Mid X,Mid Y,Layer,Rotation
C2,65.0000mm,-101.7000mm,Top,0
C3,92.5000mm,-76.3100mm,Top,0
C4,92.5000mm,-97.9000mm,Top,0
C5,125.4600mm,-66.8400mm,Top,180
C6,125.4600mm,-69.3800mm,Top,180
C7,125.4600mm,-71.9200mm,Top,180
C8,97.0000mm,-99.7000mm,Top,0
D1,65.0000mm,-98.1000mm,Top,180
D2,65.7000mm,-105.2000mm,Top,180
F1,65.0000mm,-93.5000mm,Top,0
R1,61.6000mm,-105.2000mm,Top,0
R2,110.4000mm,-89.7000mm,Top,0
R3,110.4000mm,-74.4600mm,Top,0
R4,110.4000mm,-99.8600mm,Top,0
R5,110.4000mm,-92.2400mm,Top,0
R6,125.4600mm,-92.2400mm,Top,0
RN1,87.4000mm,-64.3000mm,Top,0
RN2,87.4000mm,-69.3800mm,Top,0
RN3,87.4000mm,-85.8900mm,Top,0
RN4,87.4000mm,-90.9700mm,Top,0
U2,96.0000mm,-68.1100mm,Top,180
U3,96.0000mm,-89.7000mm,Top,180
