Ref,Adet,Deger,Footprint,Montaj,Parca / MPN,Not
C1,1,470uF 10V,CP_Radial_D8.0mm_P3.50mm,THT,"Elektrolitik 470 uF 10 V, D8 P3.5 (low ESR)","5 V giris tamponu (kablo enduktansi, tampon anahtarlama akimlari)"
C2,1,10uF,C_0805_2012Metric,SMD,MLCC 10 uF 16 V X5R 0805,5 V giris seramik dekuplaj
C3 C4,2,100nF,C_0805_2012Metric,SMD,MLCC 100 nF 50 V X7R 0805,74AHCT245 VCC dekuplaj (pin 20 yaninda)
C5 C6 C7,3,100nF,C_0805_2012Metric,SMD,MLCC 100 nF 50 V X7R 0805,Enkoder RC debounce (modul 10k + 100nF ~ 1 ms)
C8,1,10uF,C_0805_2012Metric,SMD,MLCC 10 uF 16 V X5R 0805,Tamponlar icin yerel 5 V yigin kapasitesi
D1,1,SMAJ5.0A,D_SMA,SMD,"SMAJ5.0A (400 W, 5 V TVS)",TVS: ters kutup/asiri gerilimde iletir -> F1 acar
D2,1,PWR (yesil),LED_0805_2012Metric,SMD,LED 0805 yesil,5 V var gostergesi
F1,1,1.5A,Fuse_1812_4532Metric,SMD,"Bourns MF-MSMF150-2 (1812, 1.5 A hold)",Kendini sifirlayan sigorta: asiri akim / ters kutupta (D1 iletir) acar
J1,1,5V IN,"TerminalBlock_Phoenix_MKDS-1,5-2-5.08_1x02_P5.08mm_Horizontal",THT,"Phoenix MKDS 1,5/2-5,08 (1714955) ya da esdegeri",5 V DC giris (PSU). Panel gucu PSU -> panel dogrudan; bu kart <= 1 A ceker.
J2,1,HUB75E PANEL 1,IDC-Header_2x08_P2.54mm_Vertical,THT,"Kutu baslik (box header) 2x8 2.54 mm, duz",HUB75E panel cikisi: LAT = IO10 (P4 ve P1.86)
J3,1,HUB75E PANEL 2,IDC-Header_2x08_P2.54mm_Vertical,THT,"Kutu baslik (box header) 2x8 2.54 mm, duz",HUB75E panel cikisi: LAT2 = IO17 (yalniz coklu P1.86)
J4,1,HUB75E PANEL 3,IDC-Header_2x08_P2.54mm_Vertical,THT,"Kutu baslik (box header) 2x8 2.54 mm, duz",HUB75E panel cikisi: LAT3 = IO14 (yalniz coklu P1.86)
J5,1,LDR,PinHeader_1x03_P2.54mm_Vertical,THT,Pin header 1x3 2.54 mm erkek (Dupont),LDR Sensor Board (JSUMO 16067) - AO -> IO1 (ADC1_CH0)
J6,1,MIC,PinHeader_1x04_P2.54mm_Vertical,THT,Pin header 1x4 2.54 mm erkek (Dupont),"Microphone Sound Sensor (JSUMO 15771) - AO -> IO2, DO -> IO42"
J7,1,ENC,PinHeader_1x05_P2.54mm_Vertical,THT,Pin header 1x5 2.54 mm erkek (Dupont),KY-040 Mechanic Encoder - CLK/DT/SW -> IO41/IO40/IO39
J8,1,DHT,PinHeader_1x03_P2.54mm_Vertical,THT,Pin header 1x3 2.54 mm erkek (Dupont),DHT11 Temperature & Humidity (JSUMO 15579) - DATA -> IO47
J9,1,TOUCH,PinHeader_1x03_P2.54mm_Vertical,THT,Pin header 1x3 2.54 mm erkek (Dupont),TTP223B Digital Touch (JSUMO 17538) - OUT -> IO21
J10,1,EXP,PinHeader_1x05_P2.54mm_Vertical,THT,Pin header 1x5 2.54 mm erkek (Dupont),"Genisleme (UART0/ileride I2C) - IO43, IO44, IO38 (v1.1 RGB LED)"
R1,1,2.2k,R_0805_2012Metric,SMD,0805 2.2 kOhm 1%,PWR LED akim siniri (~1 mA)
R2 R3 R4 R5,4,10k,R_0805_2012Metric,SMD,0805 10 kOhm 1%,Pull-down: acilista GPIO surulmezken LAT/OE dusuk -> panel karanlik
R6,1,10k,R_0805_2012Metric,SMD,0805 10 kOhm 1%,DHT11 DATA pull-up (ciplak sensor icin; modul uzerindekiyle paralel sorun degil)
RN1 RN2 RN3 RN4,4,4x33R,R_Array_Convex_4x0603,SMD,4x33 Ohm dizi 0603 convex (orn. YC164-JR-0733RL),Seri sonlandirma: kablo yansimalarini/zil (ringing) bastirir
U1,1,ESP32-S3-DevKitC-1,ESP32-S3-DevKitC-1_Socket,THT,ESP32-S3-DevKitC-1-N8R8 / N16R8 klon + 2x 1x22 disi soket (2.54 mm),ESP32-S3-DevKitC-1 (N16R8/N8R8) gelistirme karti; 2x22 disi soket. Sag soket 0.9in (resmi) ya da 1.0in (klon) sirasina takilir.
U2 U3,2,74AHCT245,SOIC-20W_7.5x12.8mm_P1.27mm,SMD,SN74AHCT245DWR (SOIC-20W),"Octal bus transceiver, TTL girisli (3.3 V mantik -> 5 V); DIR=+5V (A->B), /OE=GND"
