Comment,Designator,Footprint,LCSC Part #
MLCC 10 uF 16 V X5R 0805,"C2,C8",C_0805_2012Metric,
MLCC 100 nF 50 V X7R 0805,"C3,C4,C5,C6,C7",C_0805_2012Metric,
"SMAJ5.0A (400 W, 5 V TVS)",D1,D_SMA,
LED 0805 yesil,D2,LED_0805_2012Metric,
"Bourns MF-MSMF150-2 (1812, 1.5 A hold)",F1,Fuse_1812_4532Metric,
0805 2.2 kOhm 1%,R1,R_0805_2012Metric,
0805 10 kOhm 1%,"R2,R3,R4,R5,R6",R_0805_2012Metric,
4x33 Ohm dizi 0603 convex (orn. YC164-JR-0733RL),"RN1,RN2,RN3,RN4",R_Array_Convex_4x0603,
SN74AHCT245DWR (SOIC-20W),"U2,U3",SOIC-20W_7.5x12.8mm_P1.27mm,
