Tel,Net,Uc A alttan bakis (x; y mm),Uc B alttan bakis (x; y mm),Duz mesafe (mm),Kesim (mm)
W1,DHT_DATA,12.94; 25.09,5.93; 36.48,13.4,30
W2,+3V3,12.70; 54.79,13.08; 20.45,34.3,55
W3,+3V3,13.08; 20.45,21.16; 13.64,10.6,25
W4,+3V3,12.70; 54.79,30.37; 59.33,18.2,35
W5,GND,34.72; 11.84,42.36; 5.90,9.7,25
W6,+5V,52.03; 10.35,49.66; 33.85,23.6,45
W7,GND,55.67; 33.61,64.64; 49.91,18.6,35
W8,GND,55.67; 33.61,66.74; 28.28,12.3,30
W9,HUB_LAT2,73.56; 34.43,63.30; 43.31,13.6,30
W10,GND,64.64; 49.91,73.75; 48.58,9.2,25
W11,HUB_B1,71.71; 51.34,71.16; 48.35,3.0,15
W12,HUB_R2,73.63; 54.75,73.93; 45.08,9.7,25
W13,HUB_LAT,71.49; 30.55,84.05; 34.52,13.2,30
W14,HUB_ADDR_E,88.78; 42.24,75.33; 42.17,13.4,30
W15,HUB_OE,88.74; 26.16,75.67; 33.03,14.8,30
W16,HUB_R1,84.83; 49.26,84.85; 55.11,5.8,20
W17,HUB_ADDR_E,88.78; 42.24,87.26; 32.83,9.5,25
W18,HUB_G1,88.06; 49.35,89.91; 51.66,3.0,15
W19,HUB_B2,86.33; 43.13,96.93; 43.66,10.6,25
